{"cameraMode":{"drawMode":0,"name":"Shaded","section":"Shading Mode"},"sceneLighting":false,"audioPlay":false,"sceneViewState":{"m_AlwaysRefresh":false,"showFog":true,"showSkybox":false,"showFlares":true,"showImageEffects":true,"showParticleSystems":true,"showVisualEffectGraphs":true,"m_FxEnabled":true},"in2DMode":false,"pivot":{"x":-0.23736760020256043,"y":0.8815419673919678,"z":0.1111348569393158},"rotation":{"x":-0.0996793881058693,"y":0.48290619254112246,"z":-0.05544287711381912,"w":-0.8682112097740173},"size":0.6261535882949829,"orthographic":false}